question,correct_answer,model_answer,status,bleu,rouge1,rouge2,rougeL,meteor,bertscore_f1,semantic_similarity,metrics_error
Когда строили вольеры?,Вольеры были построены в 1721–1722 годах,"В контексте нет информации о том, когда строили вольеры.",ok,0.0,0.0,0.0,0.0,0.12048192771084339,0.7154927849769592,0.09367741644382477,
Сколько раз Петр был в Петергофе в 1724 году?,"Петр I посещал Петергоф в 1724 году 5 раз (января 8, января 11-12, июня 30 – июля 1, июля 21, октября 7)","В тексте нет информации о том, сколько раз Пётр был в Петергофе в 1724 году.",ok,0.01939874267677978,0.18181818181818182,0.0,0.18181818181818182,0.16579925650557623,0.674950897693634,0.639873206615448,
Кто участвовал в строительстве Монплезира?,"В строительстве Монплезира участвовали архитекторы (А. Шлютер, Ж.-Б. А. Леблон, И. Ф. Браунштейн), живописцы (Ф. Пильман), каменщики (А. Кардарсье), столяры (Ж.-Б. Мишель), штукатуры (А. Емельянов) и т.д.","В тексте нет прямого ответа на вопрос об участии в строительстве Монплезира. Упоминается, что в июле 1721 года здание было подведено под крышу, а 2 августа Ф. В. Берхгольц записал в своём дневнике: «Сад и дом на левой стороне Петергофа будут точно так же устроены, как Монплезир, и уже начаты». Однако конкретные участники строительства не названы.

Файлы и страницы, на которые опирался ответ:
- Источник 5 (score=0.3648, файл=7-й_Конгресс_18мая.chunks.jsonl), страницы: 317.",ok,0.0036718276365279184,0.0,0.0,0.0,0.18741440488047809,0.6237678527832031,0.579910397529602,
Самые ранние сведения о клокшпиле?,Самые ранние сведения относятся к 20 января 1724 года,В контексте нет информации о клокшпиле.,ok,0.0,0.0,0.0,0.0,0.0,0.6372130513191223,-0.12343449890613556,
Где можно найти сведения об иностранных визитах в Петергоф?,"В основном сведения о посещениях Петергофа иностранцами содержатся в воспоминаниях, опубликованных на иностранных языках. Есть воспоминания, опубликованные на русском языке. Это дневник камер-юнкера Ф. В. Берхгольца, книга «Преображенная Россия» Ф. Вебера","В источнике 6 упоминается, что для получения сведений об иностранных визитах в Петергоф можно обратиться к книге Баклановой Н. «Великое посольство за границей в 1697–1698 гг.: Его жизнь и быт по приходо-расходным книгам посольства» (Пётр Великий: Сб. ст. М.; Л.: Изд-во АН СССР, 1947. С. 3–62).

Файлы и страницы, на которые опирался ответ:
- Источник 6 (score=0.4051, файл=1faa38018bd3ef0b4c0389a171f8f2e7.chunks.jsonl), страницы 474.",ok,0.004299703119715468,0.0,0.0,0.0,0.12790697674418605,0.606123685836792,0.6228005886077881,
Какие галереи существовали в Петергофе?,"В Петергофе были построены Кривые галереи у Морского канала, «маленькие галереи против кашкад». Кроме того, галереи были пристроены к Монплезиру, Верхним палатам","В Петергофе существовала памятная галерея, основанная Петром I. [Источник 1, страницы 245; Источник 3, страницы 244].",ok,0.017878307832396276,0.0,0.0,0.0,0.15448872785829304,0.6712048649787903,0.58366459608078,
Как еще назывался каскад Шахматная гора?,"В источниках встречаются следующие названия: Каскад драконов, Малый каскад, Руинный каскад, Грот малый, «кашкада марморовая против Малой Марлинской», «дикая гора»","Руинный каскад.

Файлы и страницы, на которые я опирался: Источник 1 (страница 312).",ok,0.009068173153927923,0.0,0.0,0.0,0.10921280276816607,0.6507340669631958,0.2895749807357788,
Назови какие-нибудь изображения павильона Эрмитаж?,Павильон Эрмитаж. Аксонометрический план П. Сент-Илера. 1775 г. Павильон Эрмитаж. План I и II этажей. Чертеж первой половины XVIII в. Павильон Эрмитажа. Рисунок П. Фрейлиха. 20-е гг. XVIII в. Павильон Эрмитаж. Фасад. Чертеж первой половины XVIII в. Ил. 22. Фасады и планы дворца «Марли» и павильона «Эрмитаж». 1740-е Национальный музей Швеции Ил. 63д. Фрагмент Генерального плана Петергофа. Эрмитажный участок Национальный музей Швеции Ил. 72. Фасады и планы дворца «Марли» и павильона «Эрмитаж». 1740-е Национальный музей Швеции,В предоставленных источниках нет информации об изображениях павильона Эрмитаж.,ok,1.6673658763428926e-05,0.0,0.0,0.0,0.016163793103448277,0.5898957252502441,0.209006667137146,
В каких архивах хранится информация о Петергофе?,"Судя по источникам, это РГИА, РГАДА, НИА СПбИИ, Архив ГМЗ «Петергоф»","В контексте нет прямого ответа на вопрос о том, в каких архивах хранится информация о Петергофе. Однако есть упоминание о том, что в архивах хранятся уникальные материалы, связанные с историей России. Файлы и страницы, на которые опирался ответ: 
- Источник 1 (страница 52);
- Источник 4 (страницы 74).",ok,0.0,0.0,0.0,0.0,0.09345794392523366,0.6368537545204163,0.5859285593032837,
Перечисли помещения Монплизира?,"Парадный зал, Секретарская, Спальня, Морской кабинет, Китайский кабинет, Кухня и Буфетная","В тексте нет прямого перечисления всех помещений Монплизира. Упоминаются столовая, часовня и спальня. Других помещений в предоставленных источниках не перечислено.

Файлы и страницы, на которые я опирался:
- Источник 1, страница 364 (упоминание столовой).
- Источник 3, страница 50 (упоминание часовни и спальни).",ok,0.004286566854494811,0.0,0.0,0.0,0.14925373134328357,0.6101239323616028,0.5179494023323059,
Опиши живопись плафонов Монплезира.,"Живопись потолка Парадного зала обрамлена великолепной лепкой. По периметру плафона вместо рамы помещен рельеф в виде пышных драпировок с тяжелыми свисающими кистями. Картины в падугах отделены друг от друга парными скульптурами из алебастра. Эти восемь аллегорических фигур времен года выполнены с выдающимся мастерством. Они как бы вырастают из массива стены и несут на своих плечах потолок. Фигуры молодых девушек с букетами цветов символизируют весну. Их облик привлекает обаянием трепетной юности и грацией. Осень скульптор изобразил в виде двух жниц с серпом и срезанными колосьями. Молодые женщины с пышными формами олицетворяют богатый осенний урожай. С исключительной экспрессией выполнены фигуры стариков — аллегории зимы. Их изборожденные морщинами лица и старческие руки передают ощущение холода и старости. Тонкая моделировка, передача фактуры кожи, меха и тканей, игра света и тени придают скульптурам динамичность","Роспись плафонов дворца Монплезир в Петергофе выполнена Филиппом Пильманом. На одном из плафонов изображена Осень, аллегоризирующая не только сбор урожая, но и богатство, соответствующее тогдашнему восприятию Китая. (Источник 4, страницы 234).

Также упоминается, что в росписях Монплезира присутствуют китайские пейзажные мотивы, которые хорошо укладывались в эстетику и композиции стиля рококо. (Источник 4, страницы 234).",ok,0.001322178969097842,0.0,0.0,0.0,0.058953574060427415,0.6456640362739563,0.4227898120880127,
Когда был выкопан Песочный пруд?,В октябре 1724 – 1725 г.,"В тексте нет информации о том, когда был выкопан Песочный пруд.",ok,0.018850319022747353,0.0,0.0,0.0,0.13157894736842107,0.6049200296401978,-0.06028590723872185,
Когда был составлен аксонометрический план Сент-Илера?,В 1775 г.,В предоставленных источниках нет информации о составлении аксонометрического плана Сент-Илера.,ok,0.021105340631872645,0.0,0.0,0.0,0.21276595744680854,0.6105672717094421,0.056182149797677994,
Кто составлял описи Петергофа в 1783 году?,"Иван Пашутин, барон Витте, Василий Страннолюбский, Ларион Богданов, Петр Тюкин, Гаврила Симанов, Дмитрий Шипилов, Дудин, Иван Яковлев, Рыбаков, Василий Башловский, Иоган Кейзер, Игнат Шмит, Кондарта Флора, Иван Соколов, Николай Васильев, Антонетий, Варлам Рохонин, Андреев, Маслаковский",В тексте нет ответа на вопрос.,ok,0.0,0.0,0.0,0.0,0.0,0.5393260717391968,0.03630788251757622,
Почему составлялись описи в 1783 году?,В связи с передачей дел от камер-юнкера князя Путятина к надворному советнику князю Долгорукому,"В контексте нет прямого ответа на вопрос, почему составлялись описи в 1783 году. Однако есть информация о том, что описи дома Петра приводятся, как правило, в конце тетради и составляются в присутствии нескольких лиц. Появление столь подробной документации связано с тем, что к концу XVIII века обстановка дома (прежде всего текстиль) начинает серьёзно страдать от времени.

Файлы и страницы, на которые опирался ответ:
- Источник 1 (файл=7-й_Конгресс_18мая.chunks.jsonl), страницы: 362.",ok,0.003726239904517125,0.0,0.0,0.0,0.09433962264150943,0.5676888823509216,0.3149935305118561,
Когда в Верхнем саду появился современный Нептун?,Фонтан «Нептун» был установлен в 1798–1799 гг. на месте прежнего фонтана «Колесница Нептуна». Фигура приобретена в 1797 г.,В контексте нет ответа на вопрос.,ok,0.005525039802078984,0.0,0.0,0.0,0.06,0.5956151485443115,0.054076917469501495,
Откуда идет петергофский водовод?,"Истоки находятся возле деревень Забородье, Глядино и Хабино",В тексте нет ответа на вопрос об истоке петергофского водовода.,ok,0.0,0.0,0.0,0.0,0.0,0.648670494556427,0.016123589128255844,
Какие фонды РГАДА содержат информацию о Петергофе?,Фонды 9 и 198,"В предоставленных источниках нет информации о фондах РГАДА, содержащих информацию о Петергофе.",ok,0.0,0.0,0.0,0.0,0.0,0.5971171259880066,0.2588619589805603,
Чем занимался подрядчик Яков Неупокоев?,"Он делал кирпичные работы в Большом канале, строил комнаты и стену у Монплезира, укреплял берег фашинами, строил каменную стену у приморского вала",В контексте нет информации о подрядчике Якове Неупокоеве.,ok,0.0,0.0,0.0,0.0,0.021367521367521368,0.5979173183441162,0.00845428928732872,
Какие иностранцы участвовали в строительстве Петергофа?,"Архитекторы: А. Шлютер, Ж.-Б. А. Леблон, И. Ф. Браунштейн, Н. Микетти, Д. Трезини. Скульпторы: Б. К. Растрелли, Н. Пино, К. Оснер, Ф. Вассу, Ш. Руст, Э. Фоле. Живописцы: Ф. Пильман, Л. Каравак. Инженеры и садовые мастера: П. Суалем, Ж.-Б. Мишель, Х. Бронкхорст, В. Белен, Л. фон Гарнихфельт, П. вас Хессель, И. Х. Ферстер","В тексте нет информации об иностранцах, участвовавших в строительстве Петергофа.

Файлы и страницы, на которые я опирался:
- Источник 1 (страница 317).",ok,0.002122917908306562,0.0,0.0,0.0,0.04103967168262654,0.5469048619270325,0.3112679719924927,
Перечисли рисунки Петра I с Петергофом,"План Нижнего парка, план Верхнего сада, план Монплезира, рисунки мостов, эскизы планировки, наброски внутренней планировки, рисунки паркетов, план сада, набросок пруда, чертежи фонтанных насадок","В источнике 2 упоминается парадный портрет Петра I из собрания ГМЗ «Петергоф», выполненный художником Бенуа Коффром.

Источник: файл 191aadf8ecf880202e5fcd351937c7a2.chunks.jsonl, страницы 264.",ok,0.0,0.0,0.0,0.0,0.030769230769230774,0.5717005729675293,0.25056061148643494,
